[{"model": "dashboard.userdashboardmodule", "pk": 1, "fields": {"title": "Application models", "module": "jet.dashboard.modules.ModelList", "app_label": "client", "user": 1, "column": 0, "order": 0, "settings": "{\"models\": [\"client.*\"], \"exclude\": null}", "children": "", "collapsed": false}}, {"model": "dashboard.userdashboardmodule", "pk": 2, "fields": {"title": "Recent Actions", "module": "jet.dashboard.modules.RecentActions", "app_label": "client", "user": 1, "column": 1, "order": 0, "settings": "{\"user\": null, \"limit\": 10, \"exclude_list\": null, \"include_list\": [\"client.*\"]}", "children": "", "collapsed": false}}, {"model": "dashboard.userdashboardmodule", "pk": 3, "fields": {"title": "Administra\u00e7\u00e3o", "module": "jet.dashboard.modules.AppList", "app_label": null, "user": 1, "column": 0, "order": 0, "settings": "{\"models\": [\"auth.*\"], \"exclude\": null}", "children": "", "collapsed": false}}, {"model": "dashboard.userdashboardmodule", "pk": 4, "fields": {"title": "Aplica\u00e7\u00f5es", "module": "jet.dashboard.modules.AppList", "app_label": null, "user": 1, "column": 0, "order": 0, "settings": "{\"models\": null, \"exclude\": [\"auth.*\"]}", "children": "", "collapsed": false}}, {"model": "dashboard.userdashboardmodule", "pk": 5, "fields": {"title": "A\u00e7\u00f5es recentes", "module": "jet.dashboard.modules.RecentActions", "app_label": null, "user": 1, "column": 1, "order": 0, "settings": "{\"user\": null, \"limit\": 10, \"exclude_list\": null, \"include_list\": null}", "children": "", "collapsed": false}}, {"model": "dashboard.userdashboardmodule", "pk": 6, "fields": {"title": "Application models", "module": "jet.dashboard.modules.ModelList", "app_label": "categoria", "user": 1, "column": 0, "order": 0, "settings": "{\"models\": [\"categoria.*\"], \"exclude\": null}", "children": "", "collapsed": false}}, {"model": "dashboard.userdashboardmodule", "pk": 7, "fields": {"title": "Recent Actions", "module": "jet.dashboard.modules.RecentActions", "app_label": "categoria", "user": 1, "column": 1, "order": 0, "settings": "{\"limit\": 10, \"include_list\": [\"categoria.*\"], \"exclude_list\": null, \"user\": null}", "children": "", "collapsed": false}}, {"model": "dashboard.userdashboardmodule", "pk": 8, "fields": {"title": "Aplica\u00e7\u00f5es", "module": "jet.dashboard.modules.AppList", "app_label": null, "user": 3, "column": 0, "order": 0, "settings": "{\"models\": null, \"exclude\": [\"auth.*\"]}", "children": "", "collapsed": false}}, {"model": "dashboard.userdashboardmodule", "pk": 9, "fields": {"title": "Administra\u00e7\u00e3o", "module": "jet.dashboard.modules.AppList", "app_label": null, "user": 3, "column": 1, "order": 0, "settings": "{\"models\": [\"auth.*\"], \"exclude\": null}", "children": "", "collapsed": false}}, {"model": "dashboard.userdashboardmodule", "pk": 10, "fields": {"title": "Application models", "module": "jet.dashboard.modules.ModelList", "app_label": "categoria", "user": 3, "column": 0, "order": 0, "settings": "{\"models\": [\"categoria.*\"], \"exclude\": null}", "children": "", "collapsed": false}}, {"model": "dashboard.userdashboardmodule", "pk": 11, "fields": {"title": "Recent Actions", "module": "jet.dashboard.modules.RecentActions", "app_label": "categoria", "user": 3, "column": 1, "order": 0, "settings": "{\"limit\": 10, \"include_list\": [\"categoria.*\"], \"exclude_list\": null, \"user\": null}", "children": "", "collapsed": false}}, {"model": "dashboard.userdashboardmodule", "pk": 12, "fields": {"title": "Application models", "module": "jet.dashboard.modules.ModelList", "app_label": "produtos", "user": 3, "column": 0, "order": 0, "settings": "{\"models\": [\"produtos.*\"], \"exclude\": null}", "children": "", "collapsed": false}}, {"model": "dashboard.userdashboardmodule", "pk": 13, "fields": {"title": "Recent Actions", "module": "jet.dashboard.modules.RecentActions", "app_label": "produtos", "user": 3, "column": 1, "order": 0, "settings": "{\"limit\": 10, \"include_list\": [\"produtos.*\"], \"exclude_list\": null, \"user\": null}", "children": "", "collapsed": false}}, {"model": "dashboard.userdashboardmodule", "pk": 14, "fields": {"title": "Aplica\u00e7\u00f5es", "module": "jet.dashboard.modules.AppList", "app_label": null, "user": 5, "column": 0, "order": 0, "settings": "{\"exclude\": [\"auth.*\"], \"models\": null}", "children": "", "collapsed": false}}, {"model": "dashboard.userdashboardmodule", "pk": 15, "fields": {"title": "Administra\u00e7\u00e3o", "module": "jet.dashboard.modules.AppList", "app_label": null, "user": 5, "column": 1, "order": 0, "settings": "{\"exclude\": null, \"models\": [\"auth.*\"]}", "children": "", "collapsed": false}}, {"model": "dashboard.userdashboardmodule", "pk": 18, "fields": {"title": "Aplica\u00e7\u00f5es", "module": "jet.dashboard.modules.AppList", "app_label": null, "user": 6, "column": 0, "order": 0, "settings": "{\"models\": null, \"exclude\": [\"auth.*\"]}", "children": "", "collapsed": true}}, {"model": "dashboard.userdashboardmodule", "pk": 19, "fields": {"title": "Administra\u00e7\u00e3o", "module": "jet.dashboard.modules.AppList", "app_label": null, "user": 6, "column": 1, "order": 0, "settings": "{\"models\": [\"auth.*\"], \"exclude\": null}", "children": "", "collapsed": false}}, {"model": "dashboard.userdashboardmodule", "pk": 20, "fields": {"title": "Application models", "module": "jet.dashboard.modules.ModelList", "app_label": "pedidos", "user": 1, "column": 0, "order": 0, "settings": "{\"models\": [\"pedidos.*\"], \"exclude\": null}", "children": "", "collapsed": false}}, {"model": "dashboard.userdashboardmodule", "pk": 21, "fields": {"title": "Recent Actions", "module": "jet.dashboard.modules.RecentActions", "app_label": "pedidos", "user": 1, "column": 1, "order": 0, "settings": "{\"exclude_list\": null, \"include_list\": [\"pedidos.*\"], \"user\": null, \"limit\": 10}", "children": "", "collapsed": false}}, {"model": "dashboard.userdashboardmodule", "pk": 22, "fields": {"title": "Application models", "module": "jet.dashboard.modules.ModelList", "app_label": "produtos", "user": 1, "column": 0, "order": 0, "settings": "{\"models\": [\"produtos.*\"], \"exclude\": null}", "children": "", "collapsed": false}}, {"model": "dashboard.userdashboardmodule", "pk": 23, "fields": {"title": "Recent Actions", "module": "jet.dashboard.modules.RecentActions", "app_label": "produtos", "user": 1, "column": 1, "order": 0, "settings": "{\"exclude_list\": null, \"include_list\": [\"produtos.*\"], \"user\": null, \"limit\": 10}", "children": "", "collapsed": false}}, {"model": "dashboard.userdashboardmodule", "pk": 24, "fields": {"title": "Administra\u00e7\u00e3o", "module": "jet.dashboard.modules.AppList", "app_label": null, "user": 6, "column": 0, "order": -1, "settings": "{\"models\": [\"auth.*\"], \"exclude\": null}", "children": "", "collapsed": false}}, {"model": "dashboard.userdashboardmodule", "pk": 25, "fields": {"title": "Application models", "module": "jet.dashboard.modules.ModelList", "app_label": "accounts", "user": 1, "column": 0, "order": 0, "settings": "{\"models\": [\"accounts.*\"], \"exclude\": null}", "children": "", "collapsed": false}}, {"model": "dashboard.userdashboardmodule", "pk": 26, "fields": {"title": "Recent Actions", "module": "jet.dashboard.modules.RecentActions", "app_label": "accounts", "user": 1, "column": 1, "order": 0, "settings": "{\"exclude_list\": null, \"include_list\": [\"accounts.*\"], \"user\": null, \"limit\": 10}", "children": "", "collapsed": false}}, {"model": "dashboard.userdashboardmodule", "pk": 27, "fields": {"title": "Application models", "module": "jet.dashboard.modules.ModelList", "app_label": "auth", "user": 1, "column": 0, "order": 0, "settings": "{\"models\": [\"auth.*\"], \"exclude\": null}", "children": "", "collapsed": false}}, {"model": "dashboard.userdashboardmodule", "pk": 28, "fields": {"title": "Recent Actions", "module": "jet.dashboard.modules.RecentActions", "app_label": "auth", "user": 1, "column": 1, "order": 0, "settings": "{\"exclude_list\": null, \"include_list\": [\"auth.*\"], \"user\": null, \"limit\": 10}", "children": "", "collapsed": false}}, {"model": "dashboard.userdashboardmodule", "pk": 29, "fields": {"title": "Aplica\u00e7\u00f5es", "module": "jet.dashboard.modules.AppList", "app_label": null, "user": 7, "column": 0, "order": 0, "settings": "{\"models\": null, \"exclude\": [\"auth.*\"]}", "children": "", "collapsed": false}}, {"model": "dashboard.userdashboardmodule", "pk": 30, "fields": {"title": "Administra\u00e7\u00e3o", "module": "jet.dashboard.modules.AppList", "app_label": null, "user": 7, "column": 1, "order": 0, "settings": "{\"models\": [\"auth.*\"], \"exclude\": null}", "children": "", "collapsed": false}}, {"model": "dashboard.userdashboardmodule", "pk": 31, "fields": {"title": "Application models", "module": "jet.dashboard.modules.ModelList", "app_label": "accounts", "user": 7, "column": 0, "order": 0, "settings": "{\"models\": [\"accounts.*\"], \"exclude\": null}", "children": "", "collapsed": false}}, {"model": "dashboard.userdashboardmodule", "pk": 32, "fields": {"title": "Recent Actions", "module": "jet.dashboard.modules.RecentActions", "app_label": "accounts", "user": 7, "column": 1, "order": 0, "settings": "{\"limit\": 10, \"include_list\": [\"accounts.*\"], \"exclude_list\": null, \"user\": null}", "children": "", "collapsed": false}}, {"model": "dashboard.userdashboardmodule", "pk": 33, "fields": {"title": "Application models", "module": "jet.dashboard.modules.ModelList", "app_label": "pedidos", "user": 7, "column": 0, "order": 0, "settings": "{\"models\": [\"pedidos.*\"], \"exclude\": null}", "children": "", "collapsed": false}}, {"model": "dashboard.userdashboardmodule", "pk": 34, "fields": {"title": "Recent Actions", "module": "jet.dashboard.modules.RecentActions", "app_label": "pedidos", "user": 7, "column": 1, "order": 0, "settings": "{\"limit\": 10, \"include_list\": [\"pedidos.*\"], \"exclude_list\": null, \"user\": null}", "children": "", "collapsed": false}}, {"model": "dashboard.userdashboardmodule", "pk": 35, "fields": {"title": "Application models", "module": "jet.dashboard.modules.ModelList", "app_label": "core", "user": 7, "column": 0, "order": 0, "settings": "{\"models\": [\"core.*\"], \"exclude\": null}", "children": "", "collapsed": false}}, {"model": "dashboard.userdashboardmodule", "pk": 36, "fields": {"title": "Recent Actions", "module": "jet.dashboard.modules.RecentActions", "app_label": "core", "user": 7, "column": 1, "order": 0, "settings": "{\"limit\": 10, \"include_list\": [\"core.*\"], \"exclude_list\": null, \"user\": null}", "children": "", "collapsed": false}}, {"model": "dashboard.userdashboardmodule", "pk": 37, "fields": {"title": "Application models", "module": "jet.dashboard.modules.ModelList", "app_label": "order", "user": 7, "column": 0, "order": 0, "settings": "{\"models\": [\"order.*\"], \"exclude\": null}", "children": "", "collapsed": false}}, {"model": "dashboard.userdashboardmodule", "pk": 38, "fields": {"title": "Recent Actions", "module": "jet.dashboard.modules.RecentActions", "app_label": "order", "user": 7, "column": 1, "order": 0, "settings": "{\"limit\": 10, \"include_list\": [\"order.*\"], \"exclude_list\": null, \"user\": null}", "children": "", "collapsed": false}}, {"model": "contenttypes.contenttype", "pk": 1, "fields": {"app_label": "dashboard", "model": "userdashboardmodule"}}, {"model": "contenttypes.contenttype", "pk": 2, "fields": {"app_label": "jet", "model": "bookmark"}}, {"model": "contenttypes.contenttype", "pk": 3, "fields": {"app_label": "jet", "model": "pinnedapplication"}}, {"model": "contenttypes.contenttype", "pk": 4, "fields": {"app_label": "admin", "model": "logentry"}}, {"model": "contenttypes.contenttype", "pk": 5, "fields": {"app_label": "auth", "model": "permission"}}, {"model": "contenttypes.contenttype", "pk": 6, "fields": {"app_label": "auth", "model": "group"}}, {"model": "contenttypes.contenttype", "pk": 7, "fields": {"app_label": "contenttypes", "model": "contenttype"}}, {"model": "contenttypes.contenttype", "pk": 8, "fields": {"app_label": "sessions", "model": "session"}}, {"model": "contenttypes.contenttype", "pk": 9, "fields": {"app_label": "accounts", "model": "user"}}, {"model": "contenttypes.contenttype", "pk": 10, "fields": {"app_label": "client", "model": "client"}}, {"model": "contenttypes.contenttype", "pk": 11, "fields": {"app_label": "categoria", "model": "categoria"}}, {"model": "contenttypes.contenttype", "pk": 12, "fields": {"app_label": "produtos", "model": "produtos"}}, {"model": "contenttypes.contenttype", "pk": 13, "fields": {"app_label": "pedidos", "model": "pedidos"}}, {"model": "contenttypes.contenttype", "pk": 14, "fields": {"app_label": "core", "model": "status"}}, {"model": "contenttypes.contenttype", "pk": 15, "fields": {"app_label": "pedidos", "model": "orderitem"}}, {"model": "contenttypes.contenttype", "pk": 16, "fields": {"app_label": "order", "model": "orderitem"}}, {"model": "contenttypes.contenttype", "pk": 17, "fields": {"app_label": "order", "model": "order"}}, {"model": "sessions.session", "pk": "3k4lnqs1kfl4xqkc1zz1dqosq0pdnar8", "fields": {"session_data": "Zjg2MWJkNTAwNzRkNzM4MTFlNTVkMTc0NjE5MWE3MThiNDUxOGNkZjp7Il9hdXRoX3VzZXJfaGFzaCI6ImRiZjAyOTUzZDgxZjk5NzIyNmIwZjE5YWVhODNkODA0ZDZjNzVhN2QiLCJfYXV0aF91c2VyX2JhY2tlbmQiOiJkamFuZ28uY29udHJpYi5hdXRoLmJhY2tlbmRzLk1vZGVsQmFja2VuZCIsIl9hdXRoX3VzZXJfaWQiOiIxIn0=", "expire_date": "2018-06-17T02:08:44.056Z"}}, {"model": "sessions.session", "pk": "5i6g17kmup1kqtu6f4bonziy17wwbq1b", "fields": {"session_data": "NGI1M2UzOTRlNDBhOWE5YzFiNzFiYWM0NDQ0Zjg2Yjg4MDEzMmZjOTp7Il9hdXRoX3VzZXJfaWQiOiIxIiwiX2F1dGhfdXNlcl9iYWNrZW5kIjoiZGphbmdvLmNvbnRyaWIuYXV0aC5iYWNrZW5kcy5Nb2RlbEJhY2tlbmQiLCJfYXV0aF91c2VyX2hhc2giOiJkYmYwMjk1M2Q4MWY5OTcyMjZiMGYxOWFlYTgzZDgwNGQ2Yzc1YTdkIn0=", "expire_date": "2018-06-20T22:09:40.271Z"}}, {"model": "sessions.session", "pk": "h1c74ixr9typkvs3ibzkiemq24ouj434", "fields": {"session_data": "NGI1M2UzOTRlNDBhOWE5YzFiNzFiYWM0NDQ0Zjg2Yjg4MDEzMmZjOTp7Il9hdXRoX3VzZXJfaWQiOiIxIiwiX2F1dGhfdXNlcl9iYWNrZW5kIjoiZGphbmdvLmNvbnRyaWIuYXV0aC5iYWNrZW5kcy5Nb2RlbEJhY2tlbmQiLCJfYXV0aF91c2VyX2hhc2giOiJkYmYwMjk1M2Q4MWY5OTcyMjZiMGYxOWFlYTgzZDgwNGQ2Yzc1YTdkIn0=", "expire_date": "2018-06-20T23:28:21.044Z"}}, {"model": "sessions.session", "pk": "n6snu9ybiyfd3dl02aufpma6yz7ptfhu", "fields": {"session_data": "Yjk4N2FhOTdkMTIzMmVjYTZkMzkxZjczMjI2NzQwYjQ4ZDVjYTYyMjp7Il9hdXRoX3VzZXJfYmFja2VuZCI6ImRqYW5nby5jb250cmliLmF1dGguYmFja2VuZHMuTW9kZWxCYWNrZW5kIiwiX2F1dGhfdXNlcl9pZCI6IjYiLCJfYXV0aF91c2VyX2hhc2giOiJhZjI1NjQ2OWQ3ZWFhMTU1MDkyOTlmZDUwNDU0NWVjNzNlNmY4Zjg3In0=", "expire_date": "2018-06-13T02:08:33.400Z"}}, {"model": "sessions.session", "pk": "pug3vwupg86ak0ruphj5ff4opg6kv8g2", "fields": {"session_data": "ZTMzYzJlZTM0NDNlYzRlNzZhMzMzOTY5ZDY2YzNlMDRlMTQ3NTA0Njp7Il9hdXRoX3VzZXJfaWQiOiIxIiwiX2F1dGhfdXNlcl9oYXNoIjoiZGJmMDI5NTNkODFmOTk3MjI2YjBmMTlhZWE4M2Q4MDRkNmM3NWE3ZCIsIl9hdXRoX3VzZXJfYmFja2VuZCI6ImRqYW5nby5jb250cmliLmF1dGguYmFja2VuZHMuTW9kZWxCYWNrZW5kIn0=", "expire_date": "2018-05-25T18:10:33.655Z"}}, {"model": "sessions.session", "pk": "uct2ya3zuqppowuuthba0mki90npdan1", "fields": {"session_data": "ZTMzYzJlZTM0NDNlYzRlNzZhMzMzOTY5ZDY2YzNlMDRlMTQ3NTA0Njp7Il9hdXRoX3VzZXJfaWQiOiIxIiwiX2F1dGhfdXNlcl9oYXNoIjoiZGJmMDI5NTNkODFmOTk3MjI2YjBmMTlhZWE4M2Q4MDRkNmM3NWE3ZCIsIl9hdXRoX3VzZXJfYmFja2VuZCI6ImRqYW5nby5jb250cmliLmF1dGguYmFja2VuZHMuTW9kZWxCYWNrZW5kIn0=", "expire_date": "2018-05-30T22:51:39.516Z"}}, {"model": "sessions.session", "pk": "ur0mt2nkfp8s26rk0d4e0lkzepml2f1m", "fields": {"session_data": "Zjg2MWJkNTAwNzRkNzM4MTFlNTVkMTc0NjE5MWE3MThiNDUxOGNkZjp7Il9hdXRoX3VzZXJfaGFzaCI6ImRiZjAyOTUzZDgxZjk5NzIyNmIwZjE5YWVhODNkODA0ZDZjNzVhN2QiLCJfYXV0aF91c2VyX2JhY2tlbmQiOiJkamFuZ28uY29udHJpYi5hdXRoLmJhY2tlbmRzLk1vZGVsQmFja2VuZCIsIl9hdXRoX3VzZXJfaWQiOiIxIn0=", "expire_date": "2018-06-20T00:07:32.720Z"}}, {"model": "sessions.session", "pk": "v4ruwneg0jssf7myjjt03ijzw5hmkb1o", "fields": {"session_data": "MmVlNTBjZjdkYzUwZWM2NjFhMjAxYWJhMjMxYjY4MjlkZDAzMjUyYjp7Il9hdXRoX3VzZXJfaWQiOiI3IiwiX2F1dGhfdXNlcl9iYWNrZW5kIjoiZGphbmdvLmNvbnRyaWIuYXV0aC5iYWNrZW5kcy5Nb2RlbEJhY2tlbmQiLCJfYXV0aF91c2VyX2hhc2giOiIxZmM5NDliZjQxYjM0MzA2ODlhY2IwMTQzOTU4MDZhNThhZTQyYmE0In0=", "expire_date": "2018-06-26T16:23:26.957Z"}}, {"model": "sessions.session", "pk": "xeyuv04tbxiqkz43z0gwz3giljlk90l3", "fields": {"session_data": "NGI1M2UzOTRlNDBhOWE5YzFiNzFiYWM0NDQ0Zjg2Yjg4MDEzMmZjOTp7Il9hdXRoX3VzZXJfaWQiOiIxIiwiX2F1dGhfdXNlcl9iYWNrZW5kIjoiZGphbmdvLmNvbnRyaWIuYXV0aC5iYWNrZW5kcy5Nb2RlbEJhY2tlbmQiLCJfYXV0aF91c2VyX2hhc2giOiJkYmYwMjk1M2Q4MWY5OTcyMjZiMGYxOWFlYTgzZDgwNGQ2Yzc1YTdkIn0=", "expire_date": "2018-06-08T14:18:27.280Z"}}, {"model": "sessions.session", "pk": "zfunlt19jwnzk7i11uo9h2yw8yajdpdy", "fields": {"session_data": "NGI1M2UzOTRlNDBhOWE5YzFiNzFiYWM0NDQ0Zjg2Yjg4MDEzMmZjOTp7Il9hdXRoX3VzZXJfaWQiOiIxIiwiX2F1dGhfdXNlcl9iYWNrZW5kIjoiZGphbmdvLmNvbnRyaWIuYXV0aC5iYWNrZW5kcy5Nb2RlbEJhY2tlbmQiLCJfYXV0aF91c2VyX2hhc2giOiJkYmYwMjk1M2Q4MWY5OTcyMjZiMGYxOWFlYTgzZDgwNGQ2Yzc1YTdkIn0=", "expire_date": "2018-06-06T23:00:44.448Z"}}, {"model": "client.client", "pk": 6, "fields": {"name": "gabriel aquino castelo branco", "cidade": "Imperatriz", "estado": "Maranh\u00e3o", "endereco": "Tamoios 39", "telefone": "991741507", "email": "gabriel@gmail.com", "cpf": "9876485321", "cnpj": "0.0", "criado": "2018-05-23T22:22:23.475Z", "modificado": "2018-05-23T22:22:23.475Z"}}, {"model": "client.client", "pk": 7, "fields": {"name": "Lil Pump", "cidade": "", "estado": "", "endereco": "quase no inf*", "telefone": "999666", "email": "lil@pump.com", "cpf": "9282734648382", "cnpj": null, "criado": "2018-05-23T22:23:11.766Z", "modificado": "2018-06-05T19:15:10.725Z"}}, {"model": "client.client", "pk": 9, "fields": {"name": "Chester Bennington", "cidade": "California", "estado": "Los Angeles", "endereco": "c\u00e9u", "telefone": "9918473832", "email": "chazy@chaz.com", "cpf": "99876543219", "cnpj": null, "criado": "2018-05-23T22:24:24.981Z", "modificado": "2018-05-23T22:24:24.981Z"}}, {"model": "client.client", "pk": 11, "fields": {"name": "Raimundo Nonato Pereira Nunes", "cidade": "Mucunz\u00e1", "estado": "Maranh\u00e3o", "endereco": "Rua do Arame, n\u00ba 09, Pq. Do Buriti", "telefone": "991228990", "email": "Ray.Pereira@gmail.com", "cpf": "112233445566778", "cnpj": null, "criado": "2018-05-23T22:32:34.114Z", "modificado": "2018-05-23T22:32:34.114Z"}}, {"model": "client.client", "pk": 12, "fields": {"name": "Henrique Dourado 'Ceifador'", "cidade": "Buritirana", "estado": "Maranh\u00e3o", "endereco": "Av. do Portugu\u00eases, n\u00ba 12 Alvoradinha", "telefone": "984902313", "email": "ceifador@cheirinho.com.br", "cpf": "1234567891012", "cnpj": null, "criado": "2018-05-23T22:43:11.511Z", "modificado": "2018-05-23T22:43:11.511Z"}}, {"model": "client.client", "pk": 16, "fields": {"name": "Clenilson Lopes de Sousa", "cidade": "", "estado": "", "endereco": "Rua Fre Henrique, 10", "telefone": "(00) 00000-0000", "email": "lorimweb@gmail.com", "cpf": "000.000.000-00", "cnpj": "000000000", "criado": "2018-06-05T19:08:43.343Z", "modificado": "2018-06-05T19:15:46.916Z"}}, {"model": "client.client", "pk": 17, "fields": {"name": "Vespaziano Ramos", "cidade": "AXIXA", "estado": "Maranh\u00e3o", "endereco": "Av. dos Holandeses, n\u00ba 100 Pq. Alvorada", "telefone": "(99) 98110-5440", "email": "neto.vespa@ig.com.br", "cpf": "12344567789", "cnpj": null, "criado": "2018-06-06T15:00:01.828Z", "modificado": "2018-06-06T22:32:50.855Z"}}, {"model": "categoria.categoria", "pk": 1, "fields": {"nome": "Ferramentas"}}, {"model": "categoria.categoria", "pk": 2, "fields": {"nome": "Ferramentas El\u00e9tricas"}}, {"model": "categoria.categoria", "pk": 3, "fields": {"nome": "Ferramentas de Corte"}}, {"model": "categoria.categoria", "pk": 4, "fields": {"nome": "Pe\u00e7as de Reposi\u00e7\u00e3o"}}, {"model": "produtos.produtos", "pk": 4, "fields": {"nome": "Bico de brocas", "descricao": "A tv muito boa, o som deixa a desejar um pouco, mais ativando a fun\u00e7\u00e3o futebol perfeito,to amando ela n\u00e3o trava at\u00e9 o momento n\u00e3o tenho oq recrutar, os app funciona perfeitamente feliz com minha compra, pena que comprei em um dia no outra j\u00e1 tava mais barato kkk normal Em fim \u00f3tima tv at\u00e9 o momento.", "valor": 250.0, "quantidade": 60, "categoria": 1, "foto": "upload/6wMdGIp_4Ee5HMN.png"}}, {"model": "produtos.produtos", "pk": 5, "fields": {"nome": "ESMERILHAD. SKIL 7\" 9781 220V", "descricao": "POTENCIA 2.000W, ROTACAO 8.500", "valor": 100.0, "quantidade": 5, "categoria": 2, "foto": "upload/esmerilh9781.jpg"}}, {"model": "produtos.produtos", "pk": 6, "fields": {"nome": "CHAVE DE PINOS BOSCH", "descricao": "UTILIZADA PARA APERTAR FLANGES DE ESMERILHADEIRAS E LIXADEIRAS DE DIVERSAS MARCAS.\r\nSERVE NA BOSCH / MAKITA / MILWAUKEE / DEWALT / BLACK E DECKER.\r\nCHAVE 2 PINOS REFOR\u00c7ADA\r\nCOMPRIMENTO: 230mm\r\nESPESSURA: 4,2mm", "valor": 15.0, "quantidade": 5, "categoria": 1, "foto": "upload/chave_de_pinos.jpeg"}}, {"model": "produtos.produtos", "pk": 7, "fields": {"nome": "ESMERILHAD. GWS 7-115 ET 220V", "descricao": "Esmerilhadeira Angular GWS 7-1.\r\n\r\n- Pot\u00eancia adequada para todo tipo de trabalho\r\n- Cortes e desbastes com precis\u00e3o\r\n- Nenhum esfor\u00e7o para cortar concreto\r\n\r\n Informa\u00e7\u00f5es T\u00e9cnicas:\r\n- Pot\u00eancia: 2200 W\r\n- Voltagem: 220 V\r\n- Rota\u00e7\u00e3o sem carga: 8500 RPM\r\n- Di\u00e2metro m\u00e1ximo do disco: 7\" (180 mm)\r\n- Rosca do eixo de trabalho: M14 x 2", "valor": 200.0, "quantidade": 5, "categoria": 2, "foto": "upload/p_esmerilhadeira-angular-9.jpg"}}, {"model": "produtos.produtos", "pk": 8, "fields": {"nome": "FURADEIRA GSB 550 RE BOSCH 220", "descricao": "Essa furadeira traz toda a versatilidade Bosch para suas aplica\u00e7\u00f5es com concreto madeira e metal.\r\nEla vem com guia de profundidade e empunhadura auxiliar. Voc\u00ea ter\u00e1 14 brocas para realizar aplica\u00e7\u00f5es de diversos tipos com facilidade e muita precis\u00e3o.\r\nAproveite sua alta pot\u00eancia de 550 Watts para concluir seus trabalhos mais rapidamente e com mais efici\u00eancia.", "valor": 170.0, "quantidade": 5, "categoria": 2, "foto": "upload/furadeira_BSB.jpg"}}, {"model": "produtos.produtos", "pk": 9, "fields": {"nome": "CARTELA DE LAMINAS T 244 D C/", "descricao": "Ideal para madeiras Macias.", "valor": 50.0, "quantidade": 5, "categoria": 3, "foto": "upload/CARTELALAMINAT244D.jpg"}}, {"model": "produtos.produtos", "pk": 12, "fields": {"nome": "DISCO BORRACHA 125MM P/ FURADE", "descricao": "Disco Suporte de borracha 125 mm com base aderente, tipo velcro, para lixas, uso em esmerilhadeiras, lixadeiras e politrizes, Black Jack J301.", "valor": 40.0, "quantidade": 5, "categoria": 4, "foto": "upload/disco-suporte-de-borracha-125-mm-base-aderente-black-jack-j301.jpg"}}, {"model": "produtos.produtos", "pk": 13, "fields": {"nome": "POLICORTE SKIL 14\" 2000W LAM 2", "descricao": "Serra Policorte profissional para cortar metais. Possui motor potente que corta at\u00e9 os metais de alta dureza. Sistema de corte que realiza mais de 200 mil cortes em 150 horas de opera\u00e7\u00e3o cont\u00ednua. Profundidade de corte em \u00e2ngulo 45\u00ba a 90\u00ba. Ajuste de profundidade.", "valor": 399.0, "quantidade": 5, "categoria": 4, "foto": "upload/Serra_Policorte_14_pol_com_Lam_3_14089_5.JPG"}}, {"model": "core.status", "pk": 1, "fields": {"nome": "Aberto"}}, {"model": "core.status", "pk": 2, "fields": {"nome": "Fechado"}}, {"model": "core.status", "pk": 3, "fields": {"nome": "Andamento"}}, {"model": "core.status", "pk": 4, "fields": {"nome": "Cancelado"}}, {"model": "auth.permission", "pk": 1, "fields": {"name": "Can add user dashboard module", "content_type": 1, "codename": "add_userdashboardmodule"}}, {"model": "auth.permission", "pk": 2, "fields": {"name": "Can change user dashboard module", "content_type": 1, "codename": "change_userdashboardmodule"}}, {"model": "auth.permission", "pk": 3, "fields": {"name": "Can delete user dashboard module", "content_type": 1, "codename": "delete_userdashboardmodule"}}, {"model": "auth.permission", "pk": 4, "fields": {"name": "Can add bookmark", "content_type": 2, "codename": "add_bookmark"}}, {"model": "auth.permission", "pk": 5, "fields": {"name": "Can change bookmark", "content_type": 2, "codename": "change_bookmark"}}, {"model": "auth.permission", "pk": 6, "fields": {"name": "Can delete bookmark", "content_type": 2, "codename": "delete_bookmark"}}, {"model": "auth.permission", "pk": 7, "fields": {"name": "Can add pinned application", "content_type": 3, "codename": "add_pinnedapplication"}}, {"model": "auth.permission", "pk": 8, "fields": {"name": "Can change pinned application", "content_type": 3, "codename": "change_pinnedapplication"}}, {"model": "auth.permission", "pk": 9, "fields": {"name": "Can delete pinned application", "content_type": 3, "codename": "delete_pinnedapplication"}}, {"model": "auth.permission", "pk": 10, "fields": {"name": "Can add log entry", "content_type": 4, "codename": "add_logentry"}}, {"model": "auth.permission", "pk": 11, "fields": {"name": "Can change log entry", "content_type": 4, "codename": "change_logentry"}}, {"model": "auth.permission", "pk": 12, "fields": {"name": "Can delete log entry", "content_type": 4, "codename": "delete_logentry"}}, {"model": "auth.permission", "pk": 13, "fields": {"name": "Can add permission", "content_type": 5, "codename": "add_permission"}}, {"model": "auth.permission", "pk": 14, "fields": {"name": "Can change permission", "content_type": 5, "codename": "change_permission"}}, {"model": "auth.permission", "pk": 15, "fields": {"name": "Can delete permission", "content_type": 5, "codename": "delete_permission"}}, {"model": "auth.permission", "pk": 16, "fields": {"name": "Can add group", "content_type": 6, "codename": "add_group"}}, {"model": "auth.permission", "pk": 17, "fields": {"name": "Can change group", "content_type": 6, "codename": "change_group"}}, {"model": "auth.permission", "pk": 18, "fields": {"name": "Can delete group", "content_type": 6, "codename": "delete_group"}}, {"model": "auth.permission", "pk": 19, "fields": {"name": "Can add content type", "content_type": 7, "codename": "add_contenttype"}}, {"model": "auth.permission", "pk": 20, "fields": {"name": "Can change content type", "content_type": 7, "codename": "change_contenttype"}}, {"model": "auth.permission", "pk": 21, "fields": {"name": "Can delete content type", "content_type": 7, "codename": "delete_contenttype"}}, {"model": "auth.permission", "pk": 22, "fields": {"name": "Can add session", "content_type": 8, "codename": "add_session"}}, {"model": "auth.permission", "pk": 23, "fields": {"name": "Can change session", "content_type": 8, "codename": "change_session"}}, {"model": "auth.permission", "pk": 24, "fields": {"name": "Can delete session", "content_type": 8, "codename": "delete_session"}}, {"model": "auth.permission", "pk": 25, "fields": {"name": "Can add Usu\u00e1rio", "content_type": 9, "codename": "add_user"}}, {"model": "auth.permission", "pk": 26, "fields": {"name": "Can change Usu\u00e1rio", "content_type": 9, "codename": "change_user"}}, {"model": "auth.permission", "pk": 27, "fields": {"name": "Can delete Usu\u00e1rio", "content_type": 9, "codename": "delete_user"}}, {"model": "auth.permission", "pk": 28, "fields": {"name": "Can add Cliente", "content_type": 10, "codename": "add_client"}}, {"model": "auth.permission", "pk": 29, "fields": {"name": "Can change Cliente", "content_type": 10, "codename": "change_client"}}, {"model": "auth.permission", "pk": 30, "fields": {"name": "Can delete Cliente", "content_type": 10, "codename": "delete_client"}}, {"model": "auth.permission", "pk": 31, "fields": {"name": "Can add Categoria", "content_type": 11, "codename": "add_categoria"}}, {"model": "auth.permission", "pk": 32, "fields": {"name": "Can change Categoria", "content_type": 11, "codename": "change_categoria"}}, {"model": "auth.permission", "pk": 33, "fields": {"name": "Can delete Categoria", "content_type": 11, "codename": "delete_categoria"}}, {"model": "auth.permission", "pk": 34, "fields": {"name": "Can add Produto", "content_type": 12, "codename": "add_produtos"}}, {"model": "auth.permission", "pk": 35, "fields": {"name": "Can change Produto", "content_type": 12, "codename": "change_produtos"}}, {"model": "auth.permission", "pk": 36, "fields": {"name": "Can delete Produto", "content_type": 12, "codename": "delete_produtos"}}, {"model": "auth.permission", "pk": 37, "fields": {"name": "Can add Pedido", "content_type": 13, "codename": "add_pedidos"}}, {"model": "auth.permission", "pk": 38, "fields": {"name": "Can change Pedido", "content_type": 13, "codename": "change_pedidos"}}, {"model": "auth.permission", "pk": 39, "fields": {"name": "Can delete Pedido", "content_type": 13, "codename": "delete_pedidos"}}, {"model": "auth.permission", "pk": 40, "fields": {"name": "Can add status", "content_type": 14, "codename": "add_status"}}, {"model": "auth.permission", "pk": 41, "fields": {"name": "Can change status", "content_type": 14, "codename": "change_status"}}, {"model": "auth.permission", "pk": 42, "fields": {"name": "Can delete status", "content_type": 14, "codename": "delete_status"}}, {"model": "auth.permission", "pk": 43, "fields": {"name": "Can add Item da Compra", "content_type": 15, "codename": "add_orderitem"}}, {"model": "auth.permission", "pk": 44, "fields": {"name": "Can change Item da Compra", "content_type": 15, "codename": "change_orderitem"}}, {"model": "auth.permission", "pk": 45, "fields": {"name": "Can delete Item da Compra", "content_type": 15, "codename": "delete_orderitem"}}, {"model": "auth.permission", "pk": 46, "fields": {"name": "Can add Item da Compra", "content_type": 16, "codename": "add_orderitem"}}, {"model": "auth.permission", "pk": 47, "fields": {"name": "Can change Item da Compra", "content_type": 16, "codename": "change_orderitem"}}, {"model": "auth.permission", "pk": 48, "fields": {"name": "Can delete Item da Compra", "content_type": 16, "codename": "delete_orderitem"}}, {"model": "auth.permission", "pk": 49, "fields": {"name": "Can add Pedido", "content_type": 17, "codename": "add_order"}}, {"model": "auth.permission", "pk": 50, "fields": {"name": "Can change Pedido", "content_type": 17, "codename": "change_order"}}, {"model": "auth.permission", "pk": 51, "fields": {"name": "Can delete Pedido", "content_type": 17, "codename": "delete_order"}}, {"model": "auth.group", "pk": 1, "fields": {"name": "Vendedores", "permissions": [28, 29, 30, 37, 38, 39]}}, {"model": "accounts.user", "pk": 1, "fields": {"password": "pbkdf2_sha256$36000$c2bLA5ewjTRB$xxdsY7msSZNXL82z5ZDP55eGygshNp4yAybavPnsiSI=", "last_login": "2018-06-06T23:28:21.026Z", "is_superuser": true, "name": "", "email": "geovane@gmail.com", "phone": null, "photo": "", "is_staff": true, "is_active": true, "date_joined": "2018-05-11T12:57:00.730Z", "date_update": null, "groups": [], "user_permissions": []}}, {"model": "accounts.user", "pk": 2, "fields": {"password": "pbkdf2_sha256$36000$MgfCyRzsRzdc$wvh7z4ki5SKI1Br9ZQ+Ez1BR3iAGjf1zDCBOG+JMWvo=", "last_login": "2018-05-11T14:10:36.075Z", "is_superuser": true, "name": "", "email": "lorim@gmail.com", "phone": null, "photo": "", "is_staff": true, "is_active": true, "date_joined": "2018-05-11T14:10:36.161Z", "date_update": null, "groups": [], "user_permissions": []}}, {"model": "accounts.user", "pk": 4, "fields": {"password": "pbkdf2_sha256$36000$sxxMz76GbjQZ$giXAtgOnh9aEPsN5wrtRdQ5ogp7NzMCCAlaID5dHqIk=", "last_login": null, "is_superuser": true, "name": "Gabriel Aquino", "email": "gabriel@gmail.com", "phone": null, "photo": "photo/b61f421d3a9c7d191ebb91dae2b1c3a8_n6YZdFn.jpg", "is_staff": true, "is_active": true, "date_joined": "2018-05-16T22:52:10.847Z", "date_update": null, "groups": [], "user_permissions": []}}, {"model": "accounts.user", "pk": 6, "fields": {"password": "pbkdf2_sha256$36000$WBCykbJrdjZW$OR27tialJ++b6LmEI1W0qqUPSJoWp8Is+I0nPiz6yz4=", "last_login": "2018-06-06T22:08:50.881Z", "is_superuser": false, "name": "Jamil", "email": "jamil@gmail.com", "phone": null, "photo": "", "is_staff": true, "is_active": true, "date_joined": "2018-05-30T02:00:46.097Z", "date_update": null, "groups": [], "user_permissions": []}}, {"model": "accounts.user", "pk": 7, "fields": {"password": "pbkdf2_sha256$36000$vbYRQQbRagjQ$Vn+YL8OKjrGWochZav4rz/8mVplqOGfGkegFkQONqz8=", "last_login": "2018-06-12T16:23:26.950Z", "is_superuser": true, "name": "", "email": "lorimweb@gmail.com", "phone": null, "photo": "", "is_staff": true, "is_active": true, "date_joined": "2018-06-12T16:23:02.033Z", "date_update": null, "groups": [], "user_permissions": []}}, {"model": "admin.logentry", "pk": 1, "fields": {"action_time": "2018-05-12T12:24:38.746Z", "user": 1, "content_type": 11, "object_id": "1", "object_repr": "Ferramentas", "action_flag": 1, "change_message": "[{\"added\": {}}]"}}, {"model": "admin.logentry", "pk": 2, "fields": {"action_time": "2018-05-12T12:25:31.239Z", "user": 1, "content_type": 12, "object_id": "1", "object_repr": "Kit de chaves", "action_flag": 1, "change_message": "[{\"added\": {}}]"}}, {"model": "admin.logentry", "pk": 3, "fields": {"action_time": "2018-05-16T22:45:36.713Z", "user": 1, "content_type": 9, "object_id": "3", "object_repr": "jamil", "action_flag": 1, "change_message": "[{\"added\": {}}]"}}, {"model": "admin.logentry", "pk": 4, "fields": {"action_time": "2018-05-16T22:52:10.850Z", "user": 1, "content_type": 9, "object_id": "4", "object_repr": "Gabriel Aquino", "action_flag": 1, "change_message": "[{\"added\": {}}]"}}, {"model": "admin.logentry", "pk": 5, "fields": {"action_time": "2018-05-16T22:52:23.240Z", "user": 1, "content_type": 9, "object_id": "4", "object_repr": "Gabriel Aquino", "action_flag": 2, "change_message": "[{\"changed\": {\"fields\": [\"photo\"]}}]"}}, {"model": "admin.logentry", "pk": 6, "fields": {"action_time": "2018-05-16T22:52:23.401Z", "user": 1, "content_type": 9, "object_id": "4", "object_repr": "Gabriel Aquino", "action_flag": 2, "change_message": "[{\"changed\": {\"fields\": [\"photo\"]}}]"}}, {"model": "admin.logentry", "pk": 7, "fields": {"action_time": "2018-05-16T23:02:16.256Z", "user": 1, "content_type": 12, "object_id": "3", "object_repr": "Chave estrela", "action_flag": 3, "change_message": ""}}, {"model": "admin.logentry", "pk": 8, "fields": {"action_time": "2018-05-16T23:02:16.288Z", "user": 1, "content_type": 12, "object_id": "2", "object_repr": "Kit Chaves", "action_flag": 3, "change_message": ""}}, {"model": "admin.logentry", "pk": 9, "fields": {"action_time": "2018-05-16T23:11:50.595Z", "user": 1, "content_type": 9, "object_id": "3", "object_repr": "jamil", "action_flag": 2, "change_message": "[{\"changed\": {\"fields\": [\"is_superuser\"]}}]"}}, {"model": "admin.logentry", "pk": 10, "fields": {"action_time": "2018-05-16T23:12:00.358Z", "user": 1, "content_type": 9, "object_id": "4", "object_repr": "Gabriel Aquino", "action_flag": 2, "change_message": "[{\"changed\": {\"fields\": [\"is_superuser\"]}}]"}}, {"model": "admin.logentry", "pk": 11, "fields": {"action_time": "2018-05-16T23:23:29.407Z", "user": 1, "content_type": 12, "object_id": "4", "object_repr": "Alicate", "action_flag": 1, "change_message": "[{\"added\": {}}]"}}, {"model": "admin.logentry", "pk": 12, "fields": {"action_time": "2018-05-16T23:37:37.538Z", "user": 1, "content_type": 12, "object_id": "4", "object_repr": "Alicate", "action_flag": 2, "change_message": "[{\"changed\": {\"fields\": [\"foto\"]}}]"}}, {"model": "admin.logentry", "pk": 13, "fields": {"action_time": "2018-05-16T23:38:42.681Z", "user": 1, "content_type": 12, "object_id": "4", "object_repr": "Alicate", "action_flag": 2, "change_message": "[{\"changed\": {\"fields\": [\"foto\"]}}]"}}, {"model": "admin.logentry", "pk": 14, "fields": {"action_time": "2018-05-16T23:41:44.333Z", "user": 1, "content_type": 12, "object_id": "4", "object_repr": "Bico de brocas", "action_flag": 2, "change_message": "[{\"changed\": {\"fields\": [\"nome\"]}}]"}}, {"model": "admin.logentry", "pk": 37, "fields": {"action_time": "2018-05-21T23:59:18.532Z", "user": 1, "content_type": 9, "object_id": "5", "object_repr": "jamil", "action_flag": 1, "change_message": "[{\"added\": {}}]"}}, {"model": "admin.logentry", "pk": 38, "fields": {"action_time": "2018-05-22T00:00:44.807Z", "user": 1, "content_type": 6, "object_id": "1", "object_repr": "Vendedores", "action_flag": 1, "change_message": "[{\"added\": {}}]"}}, {"model": "admin.logentry", "pk": 39, "fields": {"action_time": "2018-05-22T00:00:48.546Z", "user": 1, "content_type": 9, "object_id": "5", "object_repr": "jamil", "action_flag": 2, "change_message": "[]"}}, {"model": "admin.logentry", "pk": 49, "fields": {"action_time": "2018-05-23T22:21:41.227Z", "user": 1, "content_type": 10, "object_id": "5", "object_repr": "Chris Cornell", "action_flag": 1, "change_message": "[{\"added\": {}}]"}}, {"model": "admin.logentry", "pk": 50, "fields": {"action_time": "2018-05-23T22:22:23.478Z", "user": 1, "content_type": 10, "object_id": "6", "object_repr": "gabriel aquino castelo branco", "action_flag": 1, "change_message": "[{\"added\": {}}]"}}, {"model": "admin.logentry", "pk": 51, "fields": {"action_time": "2018-05-23T22:23:11.769Z", "user": 1, "content_type": 10, "object_id": "7", "object_repr": "Lil Pump", "action_flag": 1, "change_message": "[{\"added\": {}}]"}}, {"model": "admin.logentry", "pk": 52, "fields": {"action_time": "2018-05-23T22:23:42.885Z", "user": 1, "content_type": 10, "object_id": "8", "object_repr": "Jo\u00e3o Lucas", "action_flag": 1, "change_message": "[{\"added\": {}}]"}}, {"model": "admin.logentry", "pk": 53, "fields": {"action_time": "2018-05-23T22:24:24.983Z", "user": 1, "content_type": 10, "object_id": "9", "object_repr": "Chester Bennington", "action_flag": 1, "change_message": "[{\"added\": {}}]"}}, {"model": "admin.logentry", "pk": 54, "fields": {"action_time": "2018-05-23T22:24:59.550Z", "user": 1, "content_type": 10, "object_id": "10", "object_repr": "Catatau", "action_flag": 1, "change_message": "[{\"added\": {}}]"}}, {"model": "admin.logentry", "pk": 59, "fields": {"action_time": "2018-05-30T02:00:46.108Z", "user": 1, "content_type": 9, "object_id": "6", "object_repr": "Jamil", "action_flag": 1, "change_message": "[{\"added\": {}}]"}}, {"model": "admin.logentry", "pk": 60, "fields": {"action_time": "2018-05-30T02:00:52.990Z", "user": 1, "content_type": 9, "object_id": "6", "object_repr": "Jamil", "action_flag": 2, "change_message": "[]"}}, {"model": "admin.logentry", "pk": 61, "fields": {"action_time": "2018-06-04T17:33:14.913Z", "user": 1, "content_type": 10, "object_id": "13", "object_repr": "assaas", "action_flag": 3, "change_message": ""}}, {"model": "admin.logentry", "pk": 62, "fields": {"action_time": "2018-06-04T17:33:14.934Z", "user": 1, "content_type": 10, "object_id": "14", "object_repr": "asas", "action_flag": 3, "change_message": ""}}, {"model": "admin.logentry", "pk": 63, "fields": {"action_time": "2018-06-04T17:50:01.955Z", "user": 1, "content_type": 14, "object_id": "1", "object_repr": "Aberto", "action_flag": 1, "change_message": "[{\"added\": {}}]"}}, {"model": "admin.logentry", "pk": 64, "fields": {"action_time": "2018-06-04T17:50:09.465Z", "user": 1, "content_type": 14, "object_id": "2", "object_repr": "Fechado", "action_flag": 1, "change_message": "[{\"added\": {}}]"}}, {"model": "admin.logentry", "pk": 65, "fields": {"action_time": "2018-06-04T17:50:15.948Z", "user": 1, "content_type": 14, "object_id": "3", "object_repr": "Andamento", "action_flag": 1, "change_message": "[{\"added\": {}}]"}}, {"model": "admin.logentry", "pk": 66, "fields": {"action_time": "2018-06-04T17:50:23.847Z", "user": 1, "content_type": 14, "object_id": "4", "object_repr": "Cancelado", "action_flag": 1, "change_message": "[{\"added\": {}}]"}}, {"model": "admin.logentry", "pk": 67, "fields": {"action_time": "2018-06-06T15:00:01.836Z", "user": 1, "content_type": 10, "object_id": "17", "object_repr": "Vespaziano Neto", "action_flag": 1, "change_message": "[{\"added\": {}}]"}}, {"model": "admin.logentry", "pk": 68, "fields": {"action_time": "2018-06-06T22:10:33.956Z", "user": 1, "content_type": 13, "object_id": "9", "object_repr": "Pedido", "action_flag": 1, "change_message": "[{\"added\": {}}]"}}]